SN,Gender,AGE,Recency_Service,Recency_Product,Bill_Service,Bill_Product,Success,AGE_Encoded,Total_Recency,Total_Bill,Recency_Ratio,Bill_Ratio
1,1,<=45,12,11,11.82,2.68,0,1,23,14.5,1.0,3.2119565217391304
2,2,<=30,6,0,10.31,1.32,0,0,6,11.63,6.0,4.443965517241379
3,1,<=30,1,9,7.43,0.49,0,0,10,7.92,0.1,4.9865771812080535
4,1,<=45,2,14,13.68,1.85,0,1,16,15.53,0.13333333333333333,4.8
5,2,<=30,0,11,4.56,1.01,1,0,11,5.569999999999999,0.0,2.2686567164179103
6,2,<=30,1,2,18.99,0.44,1,0,3,19.43,0.3333333333333333,13.1875
7,1,<=30,11,8,17.53,5.43,0,0,19,22.96,1.2222222222222223,2.726283048211509
8,1,<=45,16,9,7.94,1.48,0,1,25,9.42,1.6,3.2016129032258065
9,1,<=45,14,8,41.55,15.97,1,1,22,57.519999999999996,1.5555555555555556,2.4484384207424865
10,1,<=30,8,4,5.75,1.37,0,0,12,7.12,1.6,2.4261603375527425
11,2,<=55,13,10,1.89,0.59,0,2,23,2.48,1.1818181818181819,1.1886792452830188
12,2,<=30,10,6,7.22,1.21,0,0,16,8.43,1.4285714285714286,3.266968325791855
13,2,<=55,28,8,9.63,3.32,0,2,36,12.950000000000001,3.111111111111111,2.2291666666666665
14,2,<=30,3,1,19.16,2.26,0,0,4,21.42,1.5,5.877300613496933
15,2,<=30,4,4,19.03,0.67,0,0,8,19.700000000000003,0.8,11.395209580838324
16,2,<=45,18,14,7.13,4.14,0,1,32,11.27,1.2,1.38715953307393
17,2,<=45,18,8,12.59,4.97,0,1,26,17.56,2.0,2.1088777219430486
18,2,<=30,13,1,8.33,1.87,1,0,14,10.2,6.5,2.902439024390244
19,1,<=30,1,7,3.38,0.95,0,0,8,4.33,0.125,1.7333333333333334
20,1,<=45,4,3,28.94,1.6,1,1,7,30.540000000000003,1.0,11.13076923076923
21,1,<=30,4,7,4.48,0.67,0,0,11,5.15,0.5,2.6826347305389224
22,1,<=45,1,0,5.37,1.26,1,1,1,6.63,1.0,2.3761061946902657
23,2,<=30,6,7,18.14,1.73,0,0,13,19.87,0.75,6.644688644688645
24,2,<=30,6,0,2.62,0.76,0,0,6,3.38,6.0,1.4886363636363638
25,2,<=30,4,3,5.72,1.17,0,0,7,6.89,1.0,2.6359447004608296
26,2,<=45,15,0,13.55,4.15,0,1,15,17.700000000000003,15.0,2.6310679611650487
27,2,<=55,27,22,13.17,5.25,0,2,49,18.42,1.173913043478261,2.1072
28,2,<=55,18,14,6.86,16.38,1,2,32,23.24,1.2,0.39470655926352133
29,2,<=45,12,3,18.26,5.77,0,1,15,24.03,3.0,2.697193500738553
30,1,<=55,19,25,3.1,1.64,0,2,44,4.74,0.7307692307692307,1.1742424242424243
31,1,<=30,2,8,10.31,2.5,0,0,10,12.81,0.2222222222222222,2.9457142857142857
32,1,<=30,0,2,11.87,1.45,1,0,2,13.319999999999999,0.0,4.8448979591836725
33,1,<=45,6,8,3.63,1.38,0,1,14,5.01,0.6666666666666666,1.5252100840336136
34,1,<=45,6,19,20.72,3.46,1,1,25,24.18,0.3,4.645739910313901
35,2,<=30,0,8,16.63,1.26,1,0,8,17.89,0.0,7.358407079646018
36,1,<=45,7,2,6.66,1.78,0,1,9,8.44,2.3333333333333335,2.39568345323741
37,1,<=45,21,21,6.61,1.53,0,1,42,8.14,0.9545454545454546,2.6126482213438735
38,2,<=45,13,11,19.86,6.81,1,1,24,26.669999999999998,1.0833333333333333,2.5428937259923177
39,2,<=55,19,25,4.93,1.01,0,2,44,5.9399999999999995,0.7307692307692307,2.4527363184079602
40,1,<=30,1,0,5.72,0.77,0,0,1,6.49,1.0,3.231638418079096
41,1,<=30,6,2,5.69,0.34,0,0,8,6.03,2.0,4.246268656716418
42,1,<=45,11,2,3.79,0.17,0,1,13,3.96,3.6666666666666665,3.2393162393162394
43,1,<=45,15,19,4.91,0.74,0,1,34,5.65,0.75,2.82183908045977
44,2,<=55,24,14,10.2,4.22,0,2,38,14.419999999999998,1.6,1.9540229885057472
45,2,<=45,1,8,13.43,1.45,1,1,9,14.879999999999999,0.1111111111111111,5.481632653061224
46,2,<=45,7,5,15.46,1.56,0,1,12,17.02,1.1666666666666667,6.0390625
47,2,<=45,11,8,1.36,0.84,0,1,19,2.2,1.2222222222222223,0.7391304347826088
48,2,<=45,20,17,1.81,0.37,0,1,37,2.18,1.1111111111111112,1.3211678832116787
49,2,<=45,12,10,5.88,0.63,0,1,22,6.51,1.0909090909090908,3.607361963190184
50,2,<=45,11,4,23.93,5.6,1,1,15,29.53,2.2,3.625757575757576
51,2,<=45,7,2,12.94,0.63,0,1,9,13.57,2.3333333333333335,7.938650306748467
52,1,<=45,12,12,3.65,0.53,0,1,24,4.18,0.9230769230769231,2.3856209150326797
53,1,<=30,8,6,12.54,1.14,0,0,14,13.68,1.1428571428571428,5.85981308411215
54,1,<=45,9,16,7.95,0.7,0,1,25,8.65,0.5294117647058824,4.676470588235294
55,1,<=55,16,27,17.63,16.28,1,2,43,33.91,0.5714285714285714,1.0202546296296295
56,2,<=55,21,3,21.36,7.65,0,2,24,29.009999999999998,5.25,2.4693641618497106
57,2,<=45,3,2,10.04,1.41,0,1,5,11.45,1.0,4.165975103734439
58,2,<=30,6,2,5.13,0.9,0,0,8,6.03,2.0,2.7
59,2,<=45,20,2,2.06,1.43,0,1,22,3.49,6.666666666666667,0.8477366255144034
60,2,<=45,8,16,1.12,0.95,0,1,24,2.0700000000000003,0.47058823529411764,0.5743589743589744
61,2,<=55,4,18,6.35,2.96,0,2,22,9.309999999999999,0.21052631578947367,1.6035353535353534
62,2,<=45,22,9,14.83,3.98,0,1,31,18.81,2.2,2.977911646586345
63,1,<=30,3,4,6.9,1.43,0,0,7,8.33,0.6,2.839506172839507
64,1,<=30,0,4,9.24,0.66,0,0,4,9.9,0.0,5.566265060240964
65,1,<=30,1,1,7.38,1.1,0,0,2,8.48,0.5,3.5142857142857142
66,1,<=45,13,5,9.57,0.77,0,1,18,10.34,2.1666666666666665,5.406779661016949
67,1,<=55,9,1,20.19,3.23,1,2,10,23.42,4.5,4.773049645390071
68,2,<=55,22,23,12.41,3.3,0,2,45,15.71,0.9166666666666666,2.886046511627907
69,1,<=30,5,7,19.06,2.15,0,0,12,21.209999999999997,0.625,6.050793650793651
70,1,<=30,9,0,28.38,6.01,1,0,9,34.39,9.0,4.048502139800285
71,2,<=30,0,7,24.42,2.04,0,0,7,26.46,0.0,8.032894736842106
72,2,<=55,29,19,25.94,20.69,1,2,48,46.63,1.45,1.1959428307976026
73,1,<=55,9,5,21.13,4.75,1,2,14,25.88,1.5,3.674782608695652
74,1,<=45,13,9,8.03,0.97,0,1,22,9.0,1.3,4.0761421319796955
75,1,<=45,7,0,7.17,0.99,0,1,7,8.16,7.0,3.6030150753768844
76,1,<=55,16,25,5.07,3.4,0,2,41,8.47,0.6153846153846154,1.1522727272727273
77,2,<=45,3,15,16.8,2.55,1,1,18,19.35,0.1875,4.732394366197184
78,2,<=55,17,24,9.65,1.11,0,2,41,10.76,0.68,4.57345971563981
79,2,<=45,4,10,6.04,0.6,0,1,14,6.64,0.36363636363636365,3.775
80,2,<=55,8,23,4.64,1.75,0,2,31,6.39,0.3333333333333333,1.6872727272727273
81,2,<=55,8,22,1.1,0.85,0,2,30,1.9500000000000002,0.34782608695652173,0.5945945945945946
82,2,<=55,3,22,6.84,0.78,0,2,25,7.62,0.13043478260869565,3.842696629213483
83,2,<=55,14,25,10.47,1.66,0,2,39,12.13,0.5384615384615384,3.93609022556391
84,2,<=30,3,2,18.3,1.5,1,0,5,19.8,1.0,7.32
85,1,<=30,4,2,11.02,1.02,0,0,6,12.04,1.3333333333333333,5.455445544554455
86,1,<=55,28,22,11.79,1.61,0,2,50,13.399999999999999,1.2173913043478262,4.517241379310344
87,1,<=45,8,0,4.67,1.0,0,1,8,5.67,8.0,2.335
88,1,<=45,14,11,7.47,2.32,0,1,25,9.79,1.1666666666666667,2.25
89,2,<=45,9,7,15.07,3.67,1,1,16,18.740000000000002,1.125,3.226980728051392
90,2,<=30,6,4,11.73,0.59,0,0,10,12.32,1.2,7.3773584905660385
91,2,<=55,1,19,4.4,0.8,0,2,20,5.2,0.05,2.4444444444444446
92,2,<=45,0,16,15.44,2.25,1,1,16,17.689999999999998,0.0,4.75076923076923
93,2,<=30,1,8,8.4,0.83,0,0,9,9.23,0.1111111111111111,4.590163934426229
94,2,<=45,15,1,11.23,5.93,0,1,16,17.16,7.5,1.6204906204906206
95,2,<=30,1,0,4.4,0.76,0,0,1,5.16,1.0,2.5
96,1,<=55,15,2,9.55,1.41,1,2,17,10.96,5.0,3.962655601659751
97,1,<=30,6,6,1.3,0.65,0,0,12,1.9500000000000002,0.8571428571428571,0.787878787878788
98,1,<=45,6,12,4.85,0.6,0,1,18,5.449999999999999,0.46153846153846156,3.0312499999999996
99,1,<=45,7,5,16.65,2.17,1,1,12,18.82,1.1666666666666667,5.252365930599368
100,1,<=45,16,6,12.65,1.89,0,1,22,14.540000000000001,2.2857142857142856,4.377162629757786
101,2,<=55,7,13,10.48,2.08,0,2,20,12.56,0.5,3.4025974025974026
102,1,<=45,6,0,9.21,0.57,0,1,6,9.780000000000001,6.0,5.866242038216562
103,1,<=45,5,10,13.21,1.55,0,1,15,14.760000000000002,0.45454545454545453,5.180392156862746
104,2,<=55,12,2,15.42,1.39,0,2,14,16.81,4.0,6.451882845188285
105,2,<=55,17,18,6.37,0.7,0,2,35,7.07,0.8947368421052632,3.7470588235294118
106,1,<=45,13,2,7.48,1.12,0,1,15,8.600000000000001,4.333333333333333,3.5283018867924527
107,1,<=55,12,17,8.0,1.0,0,2,29,9.0,0.6666666666666666,4.0
108,1,<=45,17,12,9.91,12.35,1,1,29,22.259999999999998,1.3076923076923077,0.7423220973782771
109,1,<=45,17,11,6.1,2.86,0,1,28,8.959999999999999,1.4166666666666667,1.5803108808290156
110,2,<=55,2,17,10.2,2.37,0,2,19,12.57,0.1111111111111111,3.0267062314540056
111,2,<=30,7,3,15.21,1.63,0,0,10,16.84,1.75,5.783269961977187
112,2,<=30,4,2,15.9,2.4,1,0,6,18.3,1.3333333333333333,4.676470588235294
113,2,<=45,12,12,11.26,1.44,0,1,24,12.7,0.9230769230769231,4.614754098360656
114,2,<=45,0,1,7.89,0.2,0,1,1,8.09,0.0,6.575
115,2,<=30,4,3,13.39,1.7,1,0,7,15.09,1.0,4.959259259259259
116,2,<=55,23,5,7.33,0.88,0,2,28,8.21,3.8333333333333335,3.898936170212766
117,2,<=55,5,19,11.07,1.83,0,2,24,12.9,0.25,3.911660777385159
118,1,<=45,11,8,9.72,0.21,0,1,19,9.930000000000001,1.2222222222222223,8.03305785123967
119,1,<=30,6,6,5.07,1.26,0,0,12,6.33,0.8571428571428571,2.2433628318584073
120,1,<=30,3,3,2.79,0.93,1,0,6,3.72,0.75,1.4455958549222796
121,1,<=45,12,14,16.6,6.52,1,1,26,23.12,0.8,2.2074468085106385
122,2,<=45,7,10,5.38,1.08,0,1,17,6.46,0.6363636363636364,2.5865384615384612
123,2,<=30,9,6,17.82,3.31,1,0,15,21.13,1.2857142857142858,4.134570765661253
124,2,<=45,13,13,3.65,0.79,0,1,26,4.4399999999999995,0.9285714285714286,2.0391061452513966
125,2,<=30,8,4,5.15,0.25,0,0,12,5.4,1.6,4.12
126,2,<=30,6,4,5.59,1.76,0,0,10,7.35,1.2,2.0253623188405796
127,2,<=45,12,4,24.67,2.17,0,1,16,26.840000000000003,2.4,7.782334384858045
128,2,<=30,4,1,24.51,1.97,0,0,5,26.48,2.0,8.252525252525254
129,1,<=30,8,7,3.04,0.9,0,0,15,3.94,1.0,1.6
130,1,<=30,1,7,21.43,3.18,1,0,8,24.61,0.125,5.126794258373206
131,1,<=45,3,14,5.44,1.51,0,1,17,6.95,0.2,2.167330677290837
132,1,<=55,5,6,10.62,0.41,0,2,11,11.03,0.7142857142857143,7.531914893617021
133,1,<=45,8,17,3.76,1.25,0,1,25,5.01,0.4444444444444444,1.671111111111111
134,2,<=55,6,17,11.04,4.03,1,2,23,15.07,0.3333333333333333,2.1948310139165006
135,1,<=30,2,2,3.13,1.03,1,0,4,4.16,0.6666666666666666,1.5418719211822658
136,1,<=45,20,9,31.5,4.76,0,1,29,36.26,2.0,5.46875
137,2,<=55,10,14,6.06,1.36,0,2,24,7.42,0.6666666666666666,2.567796610169491
138,2,<=30,1,0,6.71,0.48,1,0,1,7.1899999999999995,1.0,4.533783783783784
139,1,<=45,8,0,1.69,0.99,0,1,8,2.6799999999999997,8.0,0.8492462311557789
140,1,<=45,7,6,6.42,0.59,0,1,13,7.01,1.0,4.037735849056604
141,1,<=30,1,6,11.84,1.31,1,0,7,13.15,0.14285714285714285,5.125541125541125
142,1,<=45,10,4,3.2,0.4,0,1,14,3.6,2.0,2.285714285714286
143,2,<=55,0,10,6.92,1.09,0,2,10,8.01,0.0,3.3110047846889956
144,2,<=45,5,5,15.37,2.26,1,1,10,17.63,0.8333333333333334,4.714723926380368
145,2,<=30,7,2,14.25,7.29,1,0,9,21.54,2.3333333333333335,1.718938480096502
146,2,<=55,14,9,7.84,1.13,0,2,23,8.969999999999999,1.4,3.6807511737089205
147,2,<=45,9,8,9.73,0.54,0,1,17,10.27,1.0,6.318181818181818
148,2,<=45,3,18,4.16,0.56,0,1,21,4.720000000000001,0.15789473684210525,2.6666666666666665
149,2,<=45,8,2,4.34,1.59,0,1,10,5.93,2.6666666666666665,1.6756756756756757
150,2,<=55,19,22,8.63,2.87,0,2,41,11.5,0.8260869565217391,2.2299741602067185
151,1,<=45,2,10,10.13,1.79,0,1,12,11.920000000000002,0.18181818181818182,3.630824372759857
152,1,<=45,0,17,9.75,0.73,0,1,17,10.48,0.0,5.635838150289017
153,1,<=45,7,11,30.98,3.18,1,1,18,34.160000000000004,0.5833333333333334,7.411483253588518
154,1,<=45,6,5,11.77,2.55,0,1,11,14.32,1.0,3.315492957746479
155,2,<=30,1,8,11.66,1.53,0,0,9,13.19,0.1111111111111111,4.608695652173913
156,2,<=45,4,15,7.62,1.21,0,1,19,8.83,0.25,3.4479638009049776
157,2,<=30,9,3,1.51,0.51,0,0,12,2.02,2.25,1.0
158,2,<=45,16,4,20.06,4.37,0,1,20,24.43,3.2,3.7355679702048414
159,2,<=30,1,4,3.5,0.26,0,0,5,3.76,0.2,2.7777777777777777
160,2,<=55,16,32,1.79,1.38,0,2,48,3.17,0.48484848484848486,0.7521008403361346
161,2,<=55,12,6,7.65,3.68,0,2,18,11.33,1.7142857142857142,1.6346153846153848
162,1,<=45,15,2,5.48,1.08,0,1,17,6.5600000000000005,5.0,2.6346153846153846
163,1,<=45,5,17,25.09,1.99,0,1,22,27.08,0.2777777777777778,8.391304347826086
164,1,<=55,25,15,11.51,5.3,0,2,40,16.81,1.5625,1.826984126984127
165,1,<=45,4,11,21.9,0.47,1,1,15,22.369999999999997,0.3333333333333333,14.89795918367347
166,1,<=30,10,6,17.78,2.1,0,0,16,19.880000000000003,1.4285714285714286,5.735483870967742
167,2,<=45,12,13,7.91,2.08,0,1,25,9.99,0.8571428571428571,2.5681818181818183
168,1,<=30,1,3,25.82,2.52,1,0,4,28.34,0.25,7.3352272727272725
169,1,<=55,7,24,9.81,1.23,0,2,31,11.040000000000001,0.28,4.399103139013453
170,2,<=30,1,3,14.73,2.74,1,0,4,17.47,0.25,3.9385026737967914
171,2,<=45,2,9,5.42,0.87,0,1,11,6.29,0.2,2.8983957219251333
172,1,<=45,15,16,2.65,0.58,0,1,31,3.23,0.8823529411764706,1.6772151898734176
173,1,<=30,1,1,1.27,0.05,0,0,2,1.32,0.5,1.2095238095238094
174,1,<=45,8,19,5.63,1.81,0,1,27,7.4399999999999995,0.4,2.00355871886121
175,1,<=30,7,3,5.51,0.54,0,0,10,6.05,1.75,3.5779220779220777
176,2,<=45,15,11,19.43,1.96,0,1,26,21.39,1.25,6.5641891891891895
177,2,<=45,1,4,8.17,1.74,0,1,5,9.91,0.2,2.981751824817518
178,2,<=30,3,4,13.89,2.07,0,0,7,15.96,0.6,4.524429967426711
179,2,<=45,8,6,4.94,1.16,0,1,14,6.1000000000000005,1.1428571428571428,2.287037037037037
180,2,<=45,2,12,16.32,4.42,1,1,14,20.740000000000002,0.15384615384615385,3.011070110701107
181,2,<=55,16,15,11.87,2.6,0,2,31,14.469999999999999,1.0,3.297222222222222
182,2,<=30,3,5,13.62,2.15,0,0,8,15.77,0.5,4.3238095238095235
183,2,<=55,7,17,15.77,5.29,0,2,24,21.06,0.3888888888888889,2.507154213036566
184,1,<=45,13,18,6.54,1.09,0,1,31,7.63,0.6842105263157895,3.1291866028708135
185,1,<=45,19,5,13.49,2.36,0,1,24,15.85,3.1666666666666665,4.0148809523809526
186,1,<=55,13,25,24.24,4.07,0,2,38,28.31,0.5,4.781065088757396
187,1,<=30,0,7,13.8,3.0,1,0,7,16.8,0.0,3.45
188,2,<=30,2,0,4.69,0.31,1,0,2,5.0,2.0,3.5801526717557253
189,2,<=45,12,18,5.87,1.25,0,1,30,7.12,0.631578947368421,2.608888888888889
190,2,<=55,6,30,17.81,7.92,1,2,36,25.729999999999997,0.1935483870967742,1.9966367713004483
191,2,<=45,9,1,6.26,1.51,0,1,10,7.77,4.5,2.49402390438247
192,2,<=45,8,6,6.01,2.26,0,1,14,8.27,1.1428571428571428,1.843558282208589
193,2,<=55,8,11,6.46,0.41,1,2,19,6.87,0.6666666666666666,4.581560283687944
194,2,<=30,0,1,28.51,2.74,1,0,1,31.25,0.0,7.622994652406417
195,1,<=45,10,13,21.19,6.17,1,1,23,27.36,0.7142857142857143,2.95536959553696
196,1,<=30,7,2,26.39,1.22,1,0,9,27.61,2.3333333333333335,11.887387387387388
197,1,<=30,11,6,2.63,0.27,0,0,17,2.9,1.5714285714285714,2.0708661417322833
198,1,<=45,2,15,23.47,2.84,1,1,17,26.31,0.125,6.111979166666667
199,1,<=55,26,17,3.44,2.56,0,2,43,6.0,1.4444444444444444,0.9662921348314606
200,2,<=30,1,1,9.47,0.9,1,0,2,10.370000000000001,0.5,4.98421052631579
201,1,<=45,10,11,9.75,2.32,0,1,21,12.07,0.8333333333333334,2.9367469879518073
202,1,<=45,13,3,19.94,3.38,0,1,16,23.32,3.25,4.552511415525115
203,2,<=55,16,9,4.3,2.75,0,2,25,7.05,1.6,1.1466666666666667
204,2,<=30,1,0,2.25,0.56,0,0,1,2.81,1.0,1.4423076923076923
205,1,<=30,1,4,15.03,1.04,0,0,5,16.07,0.2,7.367647058823529
206,1,<=45,19,15,28.01,10.26,1,1,34,38.27,1.1875,2.4875666074600358
207,1,<=55,11,20,15.27,4.84,0,2,31,20.11,0.5238095238095238,2.61472602739726
208,1,<=45,2,4,3.73,0.98,0,1,6,4.71,0.4,1.8838383838383839
209,2,<=45,2,16,23.46,1.48,1,1,18,24.94,0.11764705882352941,9.45967741935484
210,2,<=55,13,20,9.85,2.02,0,2,33,11.87,0.6190476190476191,3.2615894039735096
211,2,<=45,9,8,5.93,0.68,0,1,17,6.609999999999999,1.0,3.529761904761904
212,2,<=30,1,0,7.67,1.29,1,0,1,8.96,1.0,3.349344978165939
213,2,<=30,4,8,6.61,1.35,0,0,12,7.960000000000001,0.4444444444444444,2.8127659574468087
214,2,<=55,9,24,13.99,2.1,0,2,33,16.09,0.36,4.512903225806451
215,2,<=30,5,4,20.15,3.49,1,0,9,23.64,1.0,4.487750556792872
216,2,<=55,3,13,13.46,3.17,1,2,16,16.630000000000003,0.21428571428571427,3.2278177458033577
217,1,<=30,3,6,10.01,0.96,0,0,9,10.969999999999999,0.42857142857142855,5.107142857142857
218,1,<=30,10,6,3.1,0.39,0,0,16,3.49,1.4285714285714286,2.2302158273381294
219,1,<=45,11,6,23.4,8.08,1,1,17,31.479999999999997,1.5714285714285714,2.5770925110132157
220,1,<=45,0,8,8.35,1.08,0,1,8,9.43,0.0,4.014423076923077
221,2,<=55,23,17,11.14,4.3,0,2,40,15.440000000000001,1.2777777777777777,2.1018867924528304
222,2,<=30,4,0,5.25,0.44,0,0,4,5.69,4.0,3.6458333333333335
223,2,<=45,6,9,2.48,0.58,1,1,15,3.06,0.6,1.5696202531645569
224,2,<=30,7,4,9.39,0.65,0,0,11,10.040000000000001,1.4,5.690909090909091
225,2,<=30,4,3,7.41,1.37,1,0,7,8.780000000000001,1.0,3.1265822784810124
226,2,<=30,2,5,7.05,0.47,1,0,7,7.52,0.3333333333333333,4.795918367346939
227,2,<=30,0,7,12.85,1.46,0,0,7,14.309999999999999,0.0,5.223577235772358
228,1,<=30,8,1,3.69,0.58,0,0,9,4.27,4.0,2.3354430379746836
229,1,<=30,4,9,6.74,1.11,0,0,13,7.8500000000000005,0.4,3.1943127962085303
230,1,<=30,4,3,10.87,2.86,1,0,7,13.729999999999999,1.0,2.816062176165803
231,1,<=30,3,0,4.73,1.17,0,0,3,5.9,3.0,2.1797235023041477
232,1,<=30,2,9,15.69,1.33,0,0,11,17.02,0.2,6.733905579399141
233,2,<=30,4,3,18.18,0.42,0,0,7,18.6,1.0,12.802816901408452
234,1,<=30,5,2,8.09,0.76,0,0,7,8.85,1.6666666666666667,4.596590909090909
235,1,<=55,9,11,19.82,1.64,1,2,20,21.46,0.75,7.507575757575759
236,2,<=30,1,0,11.14,0.96,1,0,1,12.100000000000001,1.0,5.683673469387755
237,2,<=45,2,1,7.31,0.34,1,1,3,7.6499999999999995,1.0,5.455223880597014
238,1,<=45,11,6,5.24,0.42,1,1,17,5.66,1.5714285714285714,3.690140845070423
239,1,<=30,5,7,8.43,1.99,0,0,12,10.42,0.625,2.8193979933110365
240,1,<=30,6,7,7.51,1.18,0,0,13,8.69,0.75,3.4449541284403673
241,1,<=45,11,17,12.94,3.14,0,1,28,16.08,0.6111111111111112,3.125603864734299
242,2,<=30,3,4,24.61,2.34,1,0,7,26.95,0.6,7.368263473053893
243,2,<=45,7,15,7.18,0.95,0,1,22,8.129999999999999,0.4375,3.682051282051282
244,2,<=45,0,13,1.36,0.84,1,1,13,2.2,0.0,0.7391304347826088
245,2,<=45,9,12,6.9,2.08,0,1,21,8.98,0.6923076923076923,2.24025974025974
246,2,<=30,3,1,9.09,0.9,0,0,4,9.99,1.5,4.78421052631579
247,2,<=30,5,1,6.82,2.76,0,0,6,9.58,2.5,1.8138297872340428
248,2,<=55,2,15,15.33,1.71,1,2,17,17.04,0.125,5.656826568265683
249,2,<=30,1,3,12.87,0.51,0,0,4,13.379999999999999,0.25,8.52317880794702
250,1,<=30,0,2,19.52,1.37,1,0,2,20.89,0.0,8.236286919831223
251,1,<=55,8,7,14.88,0.78,1,2,15,15.66,1.0,8.359550561797754
252,1,<=30,3,2,16.81,1.19,1,0,5,18.0,1.0,7.675799086757991
253,1,<=45,9,10,3.27,0.78,0,1,19,4.05,0.8181818181818182,1.8370786516853932
254,2,<=45,9,7,2.34,0.92,0,1,16,3.26,1.125,1.21875
255,2,<=45,13,7,9.69,1.64,0,1,20,11.33,1.625,3.670454545454546
256,2,<=45,9,2,2.78,0.99,0,1,11,3.7699999999999996,3.0,1.3969849246231154
257,2,<=30,6,7,26.07,6.63,0,0,13,32.7,0.75,3.416775884665793
258,2,<=30,0,1,7.04,0.37,0,0,1,7.41,0.0,5.138686131386861
259,2,<=45,5,5,13.8,0.57,0,1,10,14.370000000000001,0.8333333333333334,8.789808917197453
260,2,<=45,9,8,6.3,1.52,0,1,17,7.82,1.0,2.5
261,1,<=45,14,0,3.32,0.69,0,1,14,4.01,14.0,1.9644970414201184
262,1,<=55,20,12,8.36,1.23,0,2,32,9.59,1.5384615384615385,3.748878923766816
263,1,<=55,11,1,13.33,5.8,1,2,12,19.13,5.5,1.960294117647059
264,1,<=45,10,4,13.32,1.33,0,1,14,14.65,2.0,5.716738197424893
265,1,<=30,6,7,2.82,0.8,0,0,13,3.62,0.75,1.5666666666666664
266,2,<=45,9,1,5.95,1.03,0,1,10,6.98,4.5,2.9310344827586206
267,1,<=30,11,7,6.54,1.34,0,0,18,7.88,1.375,2.794871794871795
268,1,<=30,2,1,4.77,0.75,1,0,3,5.52,1.0,2.7257142857142855
269,2,<=55,10,14,5.27,0.45,0,2,24,5.72,0.6666666666666666,3.6344827586206896
270,2,<=55,20,8,30.15,3.99,0,2,28,34.14,2.2222222222222223,6.042084168336673
271,1,<=55,8,12,4.59,1.68,0,2,20,6.27,0.6153846153846154,1.7126865671641793
272,1,<=30,6,4,11.02,1.28,0,0,10,12.299999999999999,1.2,4.833333333333333
273,1,<=45,14,21,15.49,3.37,1,1,35,18.86,0.6363636363636364,3.5446224256292904
274,1,<=45,8,1,7.33,0.98,0,1,9,8.31,4.0,3.702020202020202
275,2,<=45,22,9,3.11,1.55,0,1,31,4.66,2.2,1.219607843137255
276,2,<=45,12,8,6.74,1.55,0,1,20,8.290000000000001,1.3333333333333333,2.643137254901961
277,2,<=45,17,4,3.33,0.65,0,1,21,3.98,3.4,2.0181818181818185
278,2,<=30,3,0,16.57,0.92,1,0,3,17.490000000000002,3.0,8.630208333333334
279,2,<=55,10,27,4.44,0.85,0,2,37,5.29,0.35714285714285715,2.4
280,2,<=30,0,2,12.89,1.38,1,0,2,14.27,0.0,5.415966386554622
281,2,<=45,0,18,13.49,2.03,1,1,18,15.52,0.0,4.452145214521453
282,2,<=55,24,3,14.34,1.25,0,2,27,15.59,6.0,6.373333333333333
283,1,<=30,3,4,5.21,0.75,0,0,7,5.96,0.6,2.9771428571428573
284,1,<=30,0,2,17.76,2.77,0,0,2,20.53,0.0,4.710875331564987
285,1,<=30,4,3,23.13,2.15,1,0,7,25.279999999999998,1.0,7.3428571428571425
286,1,<=55,19,2,15.76,5.15,0,2,21,20.91,6.333333333333333,2.56260162601626
287,2,<=30,0,1,4.22,1.84,1,0,1,6.06,0.0,1.4859154929577465
288,2,<=30,10,11,10.23,2.32,0,0,21,12.55,0.8333333333333334,3.0813253012048194
289,2,<=45,6,17,13.99,1.04,0,1,23,15.030000000000001,0.3333333333333333,6.857843137254902
290,2,<=55,0,13,20.1,3.12,0,2,13,23.220000000000002,0.0,4.878640776699029
291,2,<=45,3,13,7.45,0.86,0,1,16,8.31,0.21428571428571427,4.005376344086022
292,2,<=45,15,14,5.81,0.95,0,1,29,6.76,1.0,2.9794871794871796
293,2,<=45,2,14,23.32,2.61,1,1,16,25.93,0.13333333333333333,6.459833795013851
294,1,<=55,18,6,15.86,6.9,1,2,24,22.759999999999998,2.5714285714285716,2.007594936708861
295,1,<=30,8,0,6.34,0.74,1,0,8,7.08,8.0,3.6436781609195403
296,1,<=30,5,4,12.78,3.55,1,0,9,16.33,1.0,2.8087912087912086
297,1,<=30,0,0,11.45,0.72,0,0,0,12.17,0.0,6.656976744186046
298,1,<=45,16,12,4.31,0.78,0,1,28,5.09,1.2307692307692308,2.421348314606741
299,2,<=30,5,5,11.16,1.36,0,0,10,12.52,0.8333333333333334,4.728813559322034
300,1,<=45,22,1,15.27,5.9,0,1,23,21.17,11.0,2.2130434782608694
301,1,<=45,13,3,22.07,3.0,1,1,16,25.07,3.25,5.5175
302,2,<=55,29,26,12.14,5.31,0,2,55,17.45,1.0740740740740742,1.9239302694136293
303,2,<=45,5,3,6.03,0.68,1,1,8,6.71,1.25,3.589285714285714
304,1,<=45,13,2,6.46,1.72,0,1,15,8.18,4.333333333333333,2.375
305,1,<=55,7,9,12.05,1.63,0,2,16,13.68,0.7,4.581749049429658
306,1,<=45,2,11,12.96,0.94,1,1,13,13.9,0.16666666666666666,6.680412371134021
307,1,<=55,22,5,2.82,1.12,0,2,27,3.94,3.6666666666666665,1.3301886792452828
308,2,<=55,16,10,4.62,0.78,0,2,26,5.4,1.4545454545454546,2.595505617977528
309,2,<=45,9,10,23.16,3.12,0,1,19,26.28,0.8181818181818182,5.621359223300971
310,2,<=30,12,7,8.55,2.58,0,0,19,11.13,1.5,2.3882681564245813
311,2,<=45,9,5,5.15,1.26,0,1,14,6.41,1.5,2.278761061946903
312,2,<=55,18,23,4.0,1.77,0,2,41,5.77,0.75,1.444043321299639
313,2,<=55,4,16,2.54,1.03,0,2,20,3.5700000000000003,0.23529411764705882,1.2512315270935959
314,2,<=30,7,0,6.68,0.72,0,0,7,7.3999999999999995,7.0,3.883720930232558
315,2,<=30,0,5,7.36,0.26,0,0,5,7.62,0.0,5.841269841269842
316,1,<=45,8,7,6.43,0.82,0,1,15,7.25,1.0,3.5329670329670333
317,1,<=45,7,3,20.0,2.95,0,1,10,22.95,1.75,5.063291139240506
318,1,<=45,17,3,9.0,2.08,0,1,20,11.08,4.25,2.922077922077922
319,1,<=55,17,23,2.27,0.52,0,2,40,2.79,0.7083333333333334,1.493421052631579
320,2,<=55,8,22,3.7,1.04,0,2,30,4.74,0.34782608695652173,1.8137254901960784
321,2,<=45,2,4,12.79,1.82,1,1,6,14.61,0.4,4.535460992907801
322,2,<=45,2,11,9.85,0.82,1,1,13,10.67,0.16666666666666666,5.412087912087912
323,2,<=45,3,10,7.11,0.35,0,1,13,7.46,0.2727272727272727,5.266666666666667
324,2,<=45,16,10,10.67,1.47,0,1,26,12.14,1.4545454545454546,4.319838056680163
325,2,<=55,31,9,23.46,15.12,1,2,40,38.58,3.1,1.4553349875930524
326,2,<=30,3,5,11.79,0.31,1,0,8,12.1,0.5,8.999999999999998
327,1,<=55,13,11,4.06,0.55,0,2,24,4.609999999999999,1.0833333333333333,2.6193548387096772
328,1,<=30,4,1,3.34,0.77,1,0,5,4.109999999999999,2.0,1.887005649717514
329,1,<=30,1,0,8.48,1.97,1,0,1,10.450000000000001,1.0,2.8552188552188555
330,1,<=55,24,10,6.05,3.61,0,2,34,9.66,2.1818181818181817,1.31236442516269
331,1,<=55,7,24,8.33,3.33,0,2,31,11.66,0.28,1.9237875288683604
332,2,<=30,2,8,5.77,0.71,1,0,10,6.4799999999999995,0.2222222222222222,3.374269005847953
333,1,<=45,4,16,11.24,2.68,0,1,20,13.92,0.23529411764705882,3.0543478260869565
334,1,<=45,0,4,3.71,0.77,1,1,4,4.48,0.0,2.096045197740113
335,2,<=55,22,20,5.9,1.52,0,2,42,7.42,1.0476190476190477,2.3412698412698414
336,2,<=30,6,9,11.89,1.52,0,0,15,13.41,0.6,4.718253968253968
337,1,<=55,17,0,15.26,2.58,0,2,17,17.84,17.0,4.262569832402234
338,1,<=55,13,21,31.03,6.6,1,2,34,37.63,0.5909090909090909,4.082894736842106
339,1,<=30,2,4,3.45,0.97,1,0,6,4.42,0.4,1.751269035532995
340,1,<=55,13,0,3.55,1.86,0,2,13,5.41,13.0,1.241258741258741
341,2,<=45,12,1,15.28,3.77,0,1,13,19.05,6.0,3.2033542976939207
342,2,<=30,2,0,15.43,2.5,1,0,2,17.93,2.0,4.408571428571428
343,2,<=30,0,5,1.12,0.13,0,0,5,1.25,0.0,0.9911504424778763
344,2,<=30,8,6,9.92,0.87,0,0,14,10.79,1.1428571428571428,5.304812834224599
345,2,<=45,7,4,3.19,1.64,0,1,11,4.83,1.4,1.2083333333333335
346,2,<=45,7,0,2.28,0.57,0,1,7,2.8499999999999996,7.0,1.4522292993630574
347,2,<=45,5,3,7.33,1.64,0,1,8,8.97,1.25,2.776515151515152
348,2,<=45,18,10,10.66,0.84,0,1,28,11.5,1.6363636363636365,5.793478260869565
349,1,<=55,5,3,10.5,1.1,0,2,8,11.6,1.25,5.0
350,1,<=45,18,10,15.75,2.71,0,1,28,18.46,1.6363636363636365,4.245283018867925
351,1,<=30,0,2,7.05,0.71,0,0,2,7.76,0.0,4.12280701754386
352,1,<=45,6,1,1.34,0.24,0,1,7,1.58,3.0,1.0806451612903227
353,2,<=30,0,2,4.72,1.04,0,0,2,5.76,0.0,2.313725490196078
354,2,<=30,0,1,2.9,0.66,0,0,1,3.56,0.0,1.7469879518072287
355,2,<=30,2,0,17.74,2.27,1,0,2,20.009999999999998,2.0,5.425076452599388
356,2,<=45,5,0,15.5,3.06,1,1,5,18.56,5.0,3.817733990147783
357,2,<=55,10,18,12.07,2.12,1,2,28,14.190000000000001,0.5263157894736842,3.8685897435897436
358,2,<=30,4,3,10.02,1.19,0,0,7,11.209999999999999,1.0,4.575342465753424
359,2,<=45,2,1,3.89,0.57,0,1,3,4.46,1.0,2.477707006369427
360,1,<=45,11,4,3.93,1.58,0,1,15,5.51,2.2,1.5232558139534884
361,1,<=55,16,31,6.57,1.59,0,2,47,8.16,0.5,2.5366795366795367
362,1,<=45,16,13,2.7,1.96,0,1,29,4.66,1.1428571428571428,0.9121621621621623
363,1,<=55,18,35,8.64,3.31,0,2,53,11.950000000000001,0.5,2.0046403712296983
364,1,<=45,19,8,9.42,2.81,0,1,27,12.23,2.111111111111111,2.47244094488189
365,2,<=30,2,6,13.8,1.72,1,0,8,15.520000000000001,0.2857142857142857,5.0735294117647065
366,1,<=45,6,6,23.93,3.72,1,1,12,27.65,0.8571428571428571,5.069915254237287
367,1,<=55,17,23,4.4,1.52,0,2,40,5.92,0.7083333333333334,1.7460317460317463
368,2,<=45,16,20,19.49,2.46,0,1,36,21.95,0.7619047619047619,5.632947976878612
369,2,<=45,7,14,5.83,0.86,0,1,21,6.69,0.4666666666666667,3.134408602150538
370,1,<=55,12,11,27.14,5.36,1,2,23,32.5,1.0,4.267295597484277
371,1,<=30,1,0,12.92,0.51,0,0,1,13.43,1.0,8.556291390728477
372,1,<=55,23,18,24.56,10.69,0,2,41,35.25,1.2105263157894737,2.100940975192472
373,1,<=55,19,2,8.21,2.45,0,2,21,10.66,6.333333333333333,2.3797101449275364
374,2,<=30,4,7,14.39,1.63,0,0,11,16.02,0.5,5.47148288973384
375,2,<=30,2,1,14.99,0.96,0,0,3,15.95,1.0,7.6479591836734695
376,2,<=45,11,12,17.6,3.36,0,1,23,20.96,0.8461538461538461,4.036697247706423
377,2,<=55,12,5,4.87,1.14,0,2,17,6.01,2.0,2.2757009345794397
378,2,<=45,10,12,10.74,3.95,1,1,22,14.690000000000001,0.7692307692307693,2.1696969696969695
379,2,<=30,6,10,18.66,2.76,0,0,16,21.42,0.5454545454545454,4.962765957446809
380,2,<=45,4,9,14.28,1.52,0,1,13,15.799999999999999,0.4,5.666666666666666
381,2,<=45,6,3,36.0,2.68,1,1,9,38.68,1.5,9.782608695652174
382,1,<=45,10,1,10.84,2.58,1,1,11,13.42,5.0,3.0279329608938546
383,1,<=30,2,5,6.22,0.79,0,0,7,7.01,0.3333333333333333,3.4748603351955305
384,1,<=55,13,4,10.09,1.31,0,2,17,11.4,2.6,4.367965367965367
385,1,<=55,2,13,17.87,1.02,1,2,15,18.89,0.14285714285714285,8.846534653465348
386,2,<=55,9,26,7.4,0.92,0,2,35,8.32,0.3333333333333333,3.854166666666667
387,2,<=30,5,9,24.6,4.04,0,0,14,28.64,0.5,4.880952380952381
388,2,<=45,2,2,17.17,2.37,1,1,4,19.540000000000003,0.6666666666666666,5.094955489614244
389,2,<=45,7,10,5.19,0.43,0,1,17,5.62,0.6363636363636364,3.6293706293706296
390,2,<=55,19,20,18.21,1.08,0,2,39,19.29,0.9047619047619048,8.754807692307692
391,2,<=45,13,8,7.07,1.58,0,1,21,8.65,1.4444444444444444,2.74031007751938
392,2,<=45,11,12,15.29,0.92,0,1,23,16.21,0.8461538461538461,7.963541666666666
393,1,<=30,12,2,6.72,2.02,0,0,14,8.74,4.0,2.225165562913907
394,1,<=45,1,17,11.74,0.89,0,1,18,12.63,0.05555555555555555,6.211640211640211
395,1,<=30,10,4,16.3,1.6,0,0,14,17.900000000000002,2.0,6.269230769230769
396,1,<=45,16,10,21.74,0.81,0,1,26,22.549999999999997,1.4545454545454546,12.011049723756905
397,1,<=55,23,12,4.04,1.15,0,2,35,5.1899999999999995,1.7692307692307692,1.8790697674418606
398,2,<=30,3,1,9.28,0.61,0,0,4,9.889999999999999,1.5,5.763975155279503
399,1,<=30,0,8,30.59,4.55,1,0,8,35.14,0.0,5.511711711711712
400,1,<=45,4,0,12.49,1.29,0,1,4,13.780000000000001,4.0,5.454148471615721
401,2,<=55,1,12,14.94,1.42,0,2,13,16.36,0.07692307692307693,6.1735537190082646
402,2,<=30,8,4,7.21,0.48,0,0,12,7.6899999999999995,1.6,4.871621621621622
403,1,<=30,5,1,9.31,0.59,0,0,6,9.9,2.5,5.855345911949686
404,1,<=30,3,3,12.16,2.01,1,0,6,14.17,0.75,4.039867109634552
405,1,<=55,19,24,9.67,2.31,0,2,43,11.98,0.76,2.921450151057402
406,1,<=55,4,23,9.9,1.9,0,2,27,11.8,0.16666666666666666,3.4137931034482762
407,2,<=45,5,5,10.9,1.89,0,1,10,12.790000000000001,0.8333333333333334,3.771626297577855
408,2,<=55,14,10,16.62,5.41,1,2,24,22.03,1.2727272727272727,2.592823712948518
409,2,<=30,10,2,5.31,0.56,0,0,12,5.869999999999999,3.3333333333333335,3.4038461538461533
410,2,<=45,15,3,7.9,0.81,0,1,18,8.71,3.75,4.3646408839779
411,2,<=30,2,3,10.63,1.51,1,0,5,12.14,0.5,4.235059760956176
412,2,<=45,5,1,3.16,0.3,0,1,6,3.46,2.5,2.430769230769231
413,2,<=45,10,0,12.13,1.33,1,1,10,13.46,10.0,5.206008583690988
414,2,<=55,3,12,21.45,1.52,0,2,15,22.97,0.23076923076923078,8.511904761904761
415,1,<=30,2,0,10.36,0.85,1,0,2,11.209999999999999,2.0,5.6
416,1,<=45,16,15,3.94,0.81,0,1,31,4.75,1.0,2.1767955801104972
417,1,<=45,10,4,5.64,0.86,0,1,14,6.5,2.0,3.032258064516129
418,1,<=45,12,9,6.93,0.5,0,1,21,7.43,1.2,4.62
419,2,<=55,10,10,16.21,2.12,0,2,20,18.330000000000002,0.9090909090909091,5.19551282051282
420,2,<=30,1,10,5.0,1.21,0,0,11,6.21,0.09090909090909091,2.262443438914027
421,2,<=55,11,18,1.55,0.56,0,2,29,2.1100000000000003,0.5789473684210527,0.9935897435897436
422,2,<=55,1,24,23.28,3.33,0,2,25,26.61,0.04,5.376443418013857
423,2,<=30,12,10,8.7,0.71,0,0,22,9.41,1.0909090909090908,5.087719298245614
424,2,<=55,32,9,7.94,10.07,0,2,41,18.01,3.2,0.7172538392050587
425,2,<=30,6,6,20.33,3.13,0,0,12,23.459999999999997,0.8571428571428571,4.9225181598062955
426,1,<=45,22,4,4.16,0.75,0,1,26,4.91,4.4,2.3771428571428572
427,1,<=30,0,4,18.93,1.09,1,0,4,20.02,0.0,9.057416267942584
428,1,<=45,18,7,7.23,0.78,0,1,25,8.01,2.25,4.061797752808989
429,1,<=45,6,9,9.25,1.7,0,1,15,10.95,0.6,3.4259259259259256
430,1,<=30,0,2,16.67,1.04,1,0,2,17.71,0.0,8.17156862745098
431,2,<=30,4,5,5.05,1.4,1,0,9,6.449999999999999,0.6666666666666666,2.1041666666666665
432,1,<=30,0,3,5.42,0.55,1,0,3,5.97,0.0,3.496774193548387
433,1,<=45,7,2,13.52,1.98,1,1,9,15.5,2.3333333333333335,4.5369127516778525
434,2,<=45,15,14,3.08,2.91,0,1,29,5.99,1.0,0.7877237851662404
435,2,<=45,12,14,15.31,3.85,0,1,26,19.16,0.8,3.1567010309278354
436,1,<=30,2,3,7.27,0.45,1,0,5,7.72,0.5,5.0137931034482754
437,1,<=30,2,6,20.28,1.71,0,0,8,21.990000000000002,0.2857142857142857,7.48339483394834
438,1,<=30,2,2,10.27,1.79,1,0,4,12.059999999999999,0.6666666666666666,3.6810035842293907
439,1,<=45,1,1,4.78,0.66,0,1,2,5.44,0.5,2.8795180722891565
440,2,<=55,16,1,3.16,0.91,0,2,17,4.07,8.0,1.6544502617801047
441,2,<=30,5,2,8.4,1.55,0,0,7,9.950000000000001,1.6666666666666667,3.294117647058824
442,2,<=30,10,8,18.54,4.65,0,0,18,23.189999999999998,1.1111111111111112,3.2814159292035394
443,2,<=55,6,1,12.29,3.08,0,2,7,15.37,3.0,3.0122549019607843
444,2,<=45,15,18,14.26,5.58,0,1,33,19.84,0.7894736842105263,2.1671732522796354
445,2,<=30,3,8,2.94,0.42,0,0,11,3.36,0.3333333333333333,2.0704225352112675
446,2,<=45,11,13,8.11,2.14,0,1,24,10.25,0.7857142857142857,2.5828025477707004
447,2,<=45,13,0,3.01,1.09,0,1,13,4.1,13.0,1.4401913875598087
448,1,<=30,0,6,12.78,2.4,1,0,6,15.18,0.0,3.7588235294117647
449,1,<=45,18,2,7.57,0.92,0,1,20,8.49,6.0,3.9427083333333335
450,1,<=55,4,3,5.37,0.35,0,2,7,5.72,1.0,3.9777777777777774
451,1,<=45,16,14,37.05,7.57,1,1,30,44.62,1.0666666666666667,4.323220536756126
452,2,<=45,19,16,4.14,1.21,0,1,35,5.35,1.1176470588235294,1.8733031674208143
453,2,<=30,7,10,15.77,1.0,0,0,17,16.77,0.6363636363636364,7.885
454,2,<=45,1,3,15.59,2.22,1,1,4,17.81,0.25,4.841614906832298
455,2,<=55,2,26,14.34,1.93,0,2,28,16.27,0.07407407407407407,4.8941979522184305
456,2,<=45,10,16,5.89,0.43,0,1,26,6.319999999999999,0.5882352941176471,4.118881118881119
457,2,<=30,0,2,33.76,3.18,1,0,2,36.94,0.0,8.076555023923445
458,2,<=55,21,14,13.28,3.48,0,2,35,16.759999999999998,1.4,2.964285714285714
459,1,<=45,10,16,14.05,5.84,0,1,26,19.89,0.5882352941176471,2.054093567251462
460,1,<=30,6,7,5.26,1.02,1,0,13,6.279999999999999,0.75,2.603960396039604
461,1,<=45,11,12,11.86,3.62,0,1,23,15.48,0.8461538461538461,2.567099567099567
462,1,<=45,10,15,19.48,2.44,0,1,25,21.92,0.625,5.662790697674419
463,1,<=30,4,0,9.32,2.17,0,0,4,11.49,4.0,2.94006309148265
464,2,<=30,0,6,8.3,2.55,1,0,6,10.850000000000001,0.0,2.338028169014085
465,1,<=45,11,2,32.99,1.43,0,1,13,34.42,3.6666666666666665,13.576131687242802
466,1,<=55,6,3,9.1,2.11,1,2,9,11.209999999999999,1.5,2.9260450160771705
467,2,<=30,3,6,6.95,0.72,1,0,9,7.67,0.42857142857142855,4.040697674418605
468,2,<=55,31,15,8.68,4.6,0,2,46,13.28,1.9375,1.55
469,1,<=45,4,9,7.68,3.02,0,1,13,10.7,0.4,1.91044776119403
470,1,<=30,2,1,0.91,0.41,0,0,3,1.32,1.0,0.6453900709219859
471,1,<=30,7,8,4.35,0.93,1,0,15,5.279999999999999,0.7777777777777778,2.253886010362694
472,1,<=45,9,4,6.61,1.76,0,1,13,8.370000000000001,1.8,2.3949275362318843
473,2,<=30,1,1,17.5,0.76,0,0,2,18.26,0.5,9.943181818181818
474,2,<=30,7,2,6.97,0.61,0,0,9,7.58,2.3333333333333335,4.329192546583851
475,2,<=30,0,5,10.47,1.05,0,0,5,11.520000000000001,0.0,5.107317073170733
476,2,<=55,7,1,20.18,4.85,1,2,8,25.03,3.5,3.4495726495726498
477,2,<=45,20,15,6.23,1.68,0,1,35,7.91,1.25,2.3246268656716422
478,2,<=55,22,21,15.16,10.41,0,2,43,25.57,1.0,1.3286590709903594
479,2,<=55,17,19,13.73,3.21,1,2,36,16.94,0.85,3.2612826603325415
480,2,<=30,7,2,6.88,0.84,0,0,9,7.72,2.3333333333333335,3.739130434782609
481,1,<=30,12,9,20.14,3.3,0,0,21,23.44,1.2,4.683720930232559
482,1,<=30,7,1,5.96,0.83,0,0,8,6.79,3.5,3.2568306010928962
483,1,<=30,5,6,3.12,0.39,0,0,11,3.5100000000000002,0.7142857142857143,2.2446043165467624
484,1,<=45,13,11,10.18,2.47,0,1,24,12.65,1.0833333333333333,2.9337175792507204
485,2,<=45,17,20,13.77,3.26,0,1,37,17.03,0.8095238095238095,3.232394366197183
486,2,<=55,13,6,13.88,1.53,0,2,19,15.41,1.8571428571428572,5.486166007905138
487,2,<=45,12,8,19.29,3.25,0,1,20,22.54,1.3333333333333333,4.538823529411765
488,2,<=30,11,5,6.48,1.29,0,0,16,7.7700000000000005,1.8333333333333333,2.8296943231441047
489,2,<=30,12,9,8.1,3.14,0,0,21,11.24,1.2,1.9565217391304344
490,2,<=45,7,16,15.69,3.21,0,1,23,18.9,0.4117647058823529,3.726840855106888
491,2,<=45,14,3,1.7,1.31,0,1,17,3.01,3.5,0.7359307359307359
492,1,<=45,9,8,14.48,2.04,0,1,17,16.52,1.0,4.7631578947368425
493,1,<=45,0,10,17.75,2.66,0,1,10,20.41,0.0,4.849726775956284
494,1,<=45,6,13,9.38,1.33,0,1,19,10.71,0.42857142857142855,4.0257510729613735
495,1,<=45,1,6,3.28,1.02,1,1,7,4.3,0.14285714285714285,1.6237623762376237
496,1,<=45,3,8,23.41,2.26,0,1,11,25.67,0.3333333333333333,7.1809815950920255
497,2,<=45,10,18,17.92,3.82,0,1,28,21.740000000000002,0.5263157894736842,3.7178423236514524
498,1,<=55,4,12,8.89,0.81,1,2,16,9.700000000000001,0.3076923076923077,4.911602209944752
499,1,<=45,4,6,9.6,1.96,1,1,10,11.559999999999999,0.5714285714285714,3.243243243243243
500,2,<=45,10,13,12.07,1.57,0,1,23,13.64,0.7142857142857143,4.6964980544747075
501,2,<=45,12,6,17.53,3.03,0,1,18,20.560000000000002,1.7142857142857142,4.349875930521093
502,1,<=45,6,14,7.91,1.38,0,1,20,9.29,0.4,3.323529411764706
503,1,<=30,0,1,7.83,2.52,0,0,1,10.35,0.0,2.2244318181818183
504,1,<=30,0,3,5.92,1.15,0,0,3,7.07,0.0,2.7534883720930234
505,1,<=30,4,2,2.95,0.24,0,0,6,3.1900000000000004,1.3333333333333333,2.3790322580645165
506,2,<=30,8,10,7.29,0.65,0,0,18,7.94,0.7272727272727273,4.418181818181819
507,2,<=30,6,9,4.38,1.15,0,0,15,5.529999999999999,0.6,2.0372093023255813
508,2,<=30,0,1,9.23,1.58,1,0,1,10.81,0.0,3.5775193798449614
509,2,<=30,0,7,10.22,1.96,0,0,7,12.18,0.0,3.452702702702703
510,2,<=45,5,3,14.84,1.64,0,1,8,16.48,1.25,5.621212121212122
511,2,<=55,3,0,26.56,2.69,1,2,3,29.25,3.0,7.197831978319783
512,2,<=55,11,9,6.54,1.29,0,2,20,7.83,1.1,2.85589519650655
513,2,<=45,3,13,2.67,0.44,0,1,16,3.11,0.21428571428571427,1.8541666666666667
514,1,<=45,1,6,11.37,1.45,0,1,7,12.819999999999999,0.14285714285714285,4.6408163265306115
515,1,<=55,2,6,11.15,1.75,0,2,8,12.9,0.2857142857142857,4.054545454545455
516,1,<=30,8,3,8.54,2.46,1,0,11,11.0,2.0,2.4682080924855487
517,1,<=45,6,9,8.91,0.82,0,1,15,9.73,0.6,4.895604395604396
518,2,<=55,18,26,12.18,4.08,0,2,44,16.259999999999998,0.6666666666666666,2.3976377952755903
519,2,<=55,11,5,10.11,2.59,0,2,16,12.7,1.8333333333333333,2.816155988857939
520,2,<=30,3,5,25.93,3.48,1,0,8,29.41,0.5,5.787946428571428
521,2,<=30,0,1,7.95,1.23,0,0,1,9.18,0.0,3.565022421524664
522,2,<=45,0,8,8.52,1.36,1,1,8,9.879999999999999,0.0,3.610169491525423
523,2,<=30,4,0,10.25,0.29,1,0,4,10.54,4.0,7.945736434108527
524,2,<=45,14,7,9.14,3.92,0,1,21,13.06,1.75,1.8577235772357725
525,1,<=30,1,3,18.86,1.77,1,0,4,20.63,0.25,6.808664259927798
526,1,<=45,3,11,18.13,2.48,1,1,14,20.61,0.25,5.209770114942528
527,1,<=30,1,2,5.77,0.84,0,0,3,6.609999999999999,0.3333333333333333,3.135869565217391
528,1,<=55,6,4,3.62,0.78,0,2,10,4.4,1.2,2.033707865168539
529,1,<=30,5,6,20.52,4.03,1,0,11,24.55,0.7142857142857143,4.079522862823062
530,2,<=45,5,13,9.95,0.99,0,1,18,10.94,0.35714285714285715,5.0
531,1,<=45,4,13,1.64,0.56,0,1,17,2.2,0.2857142857142857,1.051282051282051
532,1,<=55,24,13,14.09,6.59,0,2,37,20.68,1.7142857142857142,1.8563899868247695
533,2,<=45,5,12,16.66,1.69,1,1,17,18.35,0.38461538461538464,6.193308550185874
534,2,<=30,4,1,1.44,0.35,0,0,5,1.79,2.0,1.0666666666666667
535,1,<=45,13,1,9.7,2.25,0,1,14,11.95,6.5,2.9846153846153842
536,1,<=55,7,7,7.05,1.48,1,2,14,8.53,0.875,2.842741935483871
537,1,<=45,0,6,6.69,0.72,1,1,6,7.41,0.0,3.8895348837209305
538,1,<=45,5,12,8.4,1.33,0,1,17,9.73,0.38461538461538464,3.6051502145922747
539,2,<=45,9,6,5.92,0.9,0,1,15,6.82,1.2857142857142858,3.1157894736842104
540,2,<=45,10,2,10.06,1.4,0,1,12,11.46,3.3333333333333335,4.191666666666667
541,2,<=30,2,0,15.26,1.45,1,0,2,16.71,2.0,6.228571428571428
542,2,<=55,14,24,6.66,2.64,1,2,38,9.3,0.56,1.8296703296703296
543,2,<=45,6,9,17.2,2.01,0,1,15,19.21,0.6,5.714285714285714
544,2,<=45,5,6,1.96,1.47,0,1,11,3.4299999999999997,0.7142857142857143,0.7935222672064778
545,2,<=45,0,5,11.22,1.61,1,1,5,12.83,0.0,4.2988505747126435
546,2,<=55,10,3,15.45,1.61,1,2,13,17.06,2.5,5.919540229885056
547,1,<=30,3,0,9.23,0.7,1,0,3,9.93,3.0,5.429411764705883
548,1,<=55,6,19,12.86,2.27,0,2,25,15.129999999999999,0.3,3.932721712538226
549,1,<=30,1,8,17.34,2.28,1,0,9,19.62,0.1111111111111111,5.286585365853659
550,1,<=55,3,11,11.26,1.13,0,2,14,12.39,0.25,5.286384976525822
551,2,<=45,10,15,11.38,2.31,0,1,25,13.690000000000001,0.625,3.4380664652567976
552,2,<=55,22,27,3.68,2.63,0,2,49,6.3100000000000005,0.7857142857142857,1.0137741046831956
553,2,<=30,7,2,7.59,0.8,0,0,9,8.39,2.3333333333333335,4.216666666666667
554,2,<=30,9,0,14.74,2.02,0,0,9,16.76,9.0,4.880794701986755
555,2,<=30,8,7,12.61,1.31,0,0,15,13.92,1.0,5.458874458874458
556,2,<=30,8,4,15.12,1.1,0,0,12,16.22,1.6,7.199999999999999
557,2,<=55,3,8,7.57,1.59,0,2,11,9.16,0.3333333333333333,2.922779922779923
558,1,<=45,13,3,2.31,1.98,0,1,16,4.29,3.25,0.7751677852348994
559,1,<=45,6,15,5.02,0.38,1,1,21,5.3999999999999995,0.375,3.63768115942029
560,1,<=55,23,16,9.74,3.77,0,2,39,13.51,1.3529411764705883,2.0419287211740045
561,1,<=55,2,19,5.72,1.05,0,2,21,6.77,0.1,2.7902439024390246
562,1,<=55,19,3,6.16,2.43,0,2,22,8.59,4.75,1.7959183673469388
563,2,<=45,15,10,3.69,0.76,0,1,25,4.45,1.3636363636363635,2.096590909090909
564,1,<=30,6,1,5.25,0.97,0,0,7,6.22,3.0,2.66497461928934
565,1,<=45,1,4,10.21,0.52,0,1,5,10.73,0.2,6.717105263157896
566,2,<=30,9,2,4.16,1.06,0,0,11,5.220000000000001,3.0,2.0194174757281553
567,2,<=45,13,15,5.18,1.33,0,1,28,6.51,0.8125,2.2231759656652357
568,1,<=55,10,0,9.7,1.72,1,2,10,11.42,10.0,3.5661764705882355
569,1,<=45,14,17,6.56,2.19,0,1,31,8.75,0.7777777777777778,2.0564263322884013
570,1,<=30,9,0,1.96,0.38,0,0,9,2.34,9.0,1.4202898550724639
571,1,<=55,4,5,13.39,0.72,0,2,9,14.110000000000001,0.6666666666666666,7.784883720930233
572,2,<=45,9,16,19.0,5.52,0,1,25,24.52,0.5294117647058824,2.914110429447853
573,2,<=30,6,8,19.92,6.34,1,0,14,26.26,0.6666666666666666,2.7138964577656677
574,2,<=30,0,1,33.8,3.43,1,0,1,37.23,0.0,7.62979683972912
575,2,<=45,9,13,10.26,2.11,0,1,22,12.37,0.6428571428571429,3.2990353697749195
576,2,<=45,11,6,7.64,0.34,0,1,17,7.9799999999999995,1.5714285714285714,5.701492537313432
577,2,<=55,1,27,10.96,1.28,0,2,28,12.24,0.03571428571428571,4.807017543859649
578,2,<=55,26,13,26.96,15.33,1,2,39,42.29,1.8571428571428572,1.6509491733006738
579,2,<=55,8,12,3.5,0.71,0,2,20,4.21,0.6153846153846154,2.046783625730994
580,1,<=45,14,8,17.45,1.16,0,1,22,18.61,1.5555555555555556,8.078703703703702
581,1,<=45,1,1,7.94,1.34,0,1,2,9.280000000000001,0.5,3.3931623931623935
582,1,<=55,31,9,6.43,2.29,0,2,40,8.719999999999999,3.1,1.9544072948328266
583,1,<=30,0,11,12.08,0.43,0,0,11,12.51,0.0,8.447552447552448
584,2,<=55,5,10,8.09,1.48,1,2,15,9.57,0.45454545454545453,3.2620967741935485
585,2,<=45,16,3,10.43,4.74,0,1,19,15.17,4.0,1.8170731707317072
586,2,<=55,2,5,5.76,1.0,0,2,7,6.76,0.3333333333333333,2.88
587,2,<=45,9,16,6.4,1.61,0,1,25,8.01,0.5294117647058824,2.4521072796934864
588,2,<=45,0,12,1.32,1.03,0,1,12,2.35,0.0,0.6502463054187192
589,2,<=30,5,9,3.02,0.37,0,0,14,3.39,0.5,2.2043795620437954
590,2,<=30,10,2,5.03,0.8,0,0,12,5.83,3.3333333333333335,2.7944444444444447
591,1,<=45,5,3,16.69,8.92,1,1,8,25.61,1.25,1.682459677419355
592,1,<=55,25,22,17.12,1.13,0,2,47,18.25,1.0869565217391304,8.03755868544601
593,1,<=45,18,6,2.62,1.96,0,1,24,4.58,2.5714285714285716,0.8851351351351352
594,1,<=30,1,7,10.69,1.0,0,0,8,11.69,0.125,5.345
595,1,<=45,12,8,4.33,1.3,0,1,20,5.63,1.3333333333333333,1.8826086956521741
596,2,<=55,22,25,12.58,2.14,0,2,47,14.72,0.8461538461538461,4.006369426751593
597,1,<=55,18,21,6.22,0.93,0,2,39,7.1499999999999995,0.8181818181818182,3.2227979274611394
598,1,<=45,14,2,3.2,0.82,0,1,16,4.0200000000000005,4.666666666666667,1.7582417582417584
599,2,<=30,9,8,8.25,0.57,0,0,17,8.82,1.0,5.254777070063695
600,2,<=55,12,10,15.49,3.42,0,2,22,18.91,1.0909090909090908,3.504524886877828
601,1,<=30,7,5,20.63,1.51,1,0,12,22.14,1.1666666666666667,8.219123505976096
602,1,<=45,23,1,18.99,3.93,0,1,24,22.919999999999998,11.5,3.8519269776876266
603,1,<=45,0,1,2.49,0.58,0,1,1,3.0700000000000003,0.0,1.5759493670886076
604,1,<=45,9,10,5.13,1.35,0,1,19,6.48,0.8181818181818182,2.182978723404255
605,2,<=30,2,5,20.55,2.15,0,0,7,22.7,0.3333333333333333,6.523809523809525
606,2,<=30,4,0,5.09,0.61,0,0,4,5.7,4.0,3.1614906832298137
607,2,<=30,0,2,16.48,1.55,1,0,2,18.03,0.0,6.462745098039217
608,2,<=30,9,4,1.38,0.14,0,0,13,1.52,1.8,1.2105263157894735
609,2,<=30,5,6,6.97,1.6,0,0,11,8.57,0.7142857142857143,2.6807692307692306
610,2,<=45,15,2,24.83,4.43,1,1,17,29.259999999999998,5.0,4.572744014732965
611,2,<=55,9,20,5.23,1.54,0,2,29,6.7700000000000005,0.42857142857142855,2.0590551181102366
612,2,<=30,11,9,1.51,0.55,0,0,20,2.06,1.1,0.9741935483870967
613,1,<=55,5,15,20.02,1.9,1,2,20,21.919999999999998,0.3125,6.903448275862069
614,1,<=30,1,2,18.9,0.99,1,0,3,19.889999999999997,0.3333333333333333,9.49748743718593
615,1,<=55,17,0,3.24,0.61,0,2,17,3.85,17.0,2.0124223602484475
616,1,<=30,3,4,11.94,0.54,1,0,7,12.48,0.6,7.753246753246753
617,2,<=45,12,5,26.01,8.0,1,1,17,34.010000000000005,2.0,2.89
618,2,<=45,3,19,15.37,1.01,0,1,22,16.38,0.15,7.64676616915423
619,2,<=45,9,4,13.89,2.05,1,1,13,15.940000000000001,1.8,4.554098360655738
620,2,<=30,0,0,13.38,1.93,1,0,0,15.31,0.0,4.566552901023892
621,2,<=30,8,4,7.16,1.23,0,0,12,8.39,1.6,3.210762331838565
622,2,<=30,0,0,9.31,0.42,1,0,0,9.73,0.0,6.556338028169015
623,2,<=55,2,16,4.85,1.03,0,2,18,5.88,0.11764705882352941,2.389162561576354
624,1,<=45,8,3,13.34,1.07,0,1,11,14.41,2.0,6.444444444444444
625,1,<=45,4,15,17.66,1.48,0,1,19,19.14,0.25,7.120967741935484
626,1,<=55,10,20,13.08,2.49,0,2,30,15.57,0.47619047619047616,3.747851002865329
627,1,<=30,4,4,4.18,0.49,0,0,8,4.67,0.8,2.8053691275167782
628,1,<=45,18,9,2.51,0.91,0,1,27,3.42,1.8,1.3141361256544501
629,2,<=30,3,7,4.53,0.98,0,0,10,5.51,0.375,2.287878787878788
630,1,<=30,9,2,5.31,1.09,0,0,11,6.3999999999999995,3.0,2.54066985645933
631,1,<=55,7,11,8.77,2.37,0,2,18,11.14,0.5833333333333334,2.602373887240356
632,2,<=55,8,28,7.45,1.26,0,2,36,8.71,0.27586206896551724,3.296460176991151
633,2,<=30,2,7,6.65,0.84,0,0,9,7.49,0.25,3.6141304347826093
634,1,<=45,21,16,16.76,4.75,0,1,37,21.51,1.2352941176470589,2.9147826086956523
635,1,<=45,9,1,10.23,2.9,0,1,10,13.13,4.5,2.623076923076923
636,1,<=30,8,1,12.32,0.51,0,0,9,12.83,4.0,8.158940397350994
637,1,<=30,8,6,7.86,0.94,0,0,14,8.8,1.1428571428571428,4.051546391752578
638,2,<=45,6,10,12.35,2.35,1,1,16,14.7,0.5454545454545454,3.6865671641791042
639,2,<=45,10,8,1.64,0.32,0,1,18,1.96,1.1111111111111112,1.2424242424242422
640,2,<=55,16,22,3.6,1.77,0,2,38,5.37,0.6956521739130435,1.2996389891696751
641,2,<=30,0,0,8.34,0.41,1,0,0,8.75,0.0,5.914893617021277
642,2,<=55,17,8,0.45,0.45,0,2,25,0.9,1.8888888888888888,0.3103448275862069
643,2,<=45,17,6,5.15,1.57,0,1,23,6.720000000000001,2.4285714285714284,2.0038910505836576
644,2,<=55,0,27,29.13,2.94,1,2,27,32.07,0.0,7.393401015228426
645,2,<=30,1,3,19.31,1.63,0,0,4,20.939999999999998,0.25,7.342205323193916
646,1,<=45,4,9,7.45,1.44,0,1,13,8.89,0.4,3.0532786885245904
647,1,<=55,14,17,8.68,7.52,0,2,31,16.2,0.7777777777777778,1.0187793427230047
648,1,<=55,22,12,3.71,2.31,0,2,34,6.02,1.6923076923076923,1.120845921450151
649,1,<=30,3,4,25.85,6.56,1,0,7,32.410000000000004,0.6,3.4193121693121697
650,2,<=45,18,9,12.17,5.42,0,1,27,17.59,1.8,1.895638629283489
651,2,<=45,2,14,3.79,1.42,0,1,16,5.21,0.13333333333333333,1.5661157024793388
652,2,<=45,4,10,17.1,1.34,0,1,14,18.44,0.36363636363636365,7.307692307692308
653,2,<=30,0,3,7.15,0.8,1,0,3,7.95,0.0,3.9722222222222223
654,2,<=30,1,10,11.12,1.45,0,0,11,12.569999999999999,0.09090909090909091,4.538775510204081
655,2,<=45,16,9,14.69,5.58,0,1,25,20.27,1.6,2.2325227963525833
656,2,<=30,1,1,6.91,0.96,0,0,2,7.87,0.5,3.5255102040816326
657,1,<=45,1,14,16.7,3.32,1,1,15,20.02,0.06666666666666667,3.8657407407407405
658,1,<=30,13,7,3.28,0.86,0,0,20,4.14,1.625,1.7634408602150538
659,1,<=45,18,19,4.64,1.0,0,1,37,5.64,0.9,2.32
660,1,<=55,11,25,9.08,1.66,0,2,36,10.74,0.4230769230769231,3.413533834586466
661,1,<=55,15,5,2.26,0.36,0,2,20,2.6199999999999997,2.5,1.661764705882353
662,2,<=45,20,12,8.71,1.25,0,1,32,9.96,1.5384615384615385,3.8711111111111114
663,1,<=55,30,15,7.67,4.25,0,2,45,11.92,1.875,1.460952380952381
664,1,<=45,13,12,5.07,1.12,0,1,25,6.19,1.0,2.391509433962264
665,2,<=55,23,24,7.88,4.16,0,2,47,12.04,0.92,1.5271317829457365
666,2,<=30,4,2,14.62,0.46,1,0,6,15.08,1.3333333333333333,10.013698630136986
667,1,<=30,10,1,7.49,1.71,0,0,11,9.2,5.0,2.763837638376384
668,1,<=55,6,1,7.09,1.02,0,2,7,8.11,3.0,3.50990099009901
669,1,<=30,11,1,8.43,1.14,0,0,12,9.57,5.5,3.9392523364485985
670,1,<=55,14,14,25.88,3.3,1,2,28,29.18,0.9333333333333333,6.018604651162791
671,2,<=45,5,9,5.14,0.9,0,1,14,6.04,0.5,2.705263157894737
672,2,<=55,15,1,25.44,2.8,0,2,16,28.240000000000002,7.5,6.6947368421052635
673,2,<=45,3,3,4.4,0.95,0,1,6,5.3500000000000005,0.75,2.256410256410257
674,2,<=45,2,3,7.58,0.47,0,1,5,8.05,0.5,5.156462585034014
675,2,<=55,15,14,18.72,1.92,0,2,29,20.64,1.0,6.410958904109589
676,2,<=45,8,4,8.25,1.85,0,1,12,10.1,1.6,2.8947368421052633
677,2,<=30,0,8,12.94,1.45,1,0,8,14.389999999999999,0.0,5.281632653061224
678,2,<=45,7,17,10.36,1.89,0,1,24,12.25,0.3888888888888889,3.5847750865051906
679,1,<=55,18,28,14.79,6.34,0,2,46,21.13,0.6206896551724138,2.014986376021798
680,1,<=55,24,5,5.05,0.98,0,2,29,6.029999999999999,4.0,2.5505050505050506
681,1,<=55,18,5,14.22,4.98,0,2,23,19.200000000000003,3.0,2.3779264214046822
682,1,<=30,3,3,29.64,3.56,1,0,6,33.2,0.75,6.499999999999999
683,2,<=30,5,9,8.85,0.88,0,0,14,9.73,0.5,4.707446808510638
